{
  "precision": 0.8865969377121697,
  "recall": 0.8432694530235935,
  "mAP50": 0.9020991894952853,
  "mAP50-95": 0.6785154693644622,
  "per_class_mAP": {
    "shoplifting": 0.8485598892039803,
    "normal": 0.775484360710352,
    "product": 0.40854883140570963,
    "product-picked": 0.7781248543055707,
    "bag": 0.6015168264309857,
    "cart": 0.6588580541301743
  }
}